{"AUC": [0.8803389072418213, 0.9330605268478394, 0.9557316899299622, 0.9665507078170776, 0.972758412361145, 0.9769560098648071, 0.9800620675086975, 0.9820058345794678, 0.9836905002593994, 0.9854893684387207, 0.9886547327041626, 0.9896578788757324, 0.9903572201728821, 0.9909466505050659, 0.9914969205856323], "Precision": [0.7885642051696777, 0.8426275849342346, 0.8809417486190796, 0.902660608291626, 0.9159702658653259, 0.9237488508224487, 0.9314175844192505, 0.9357314705848694, 0.9399142265319824, 0.9428571462631226, 0.9504281282424927, 0.9533786773681641, 0.9544938802719116, 0.9559048414230347, 0.9577766060829163], "Recall": [0.7420826554298401, 0.8176359534263611, 0.8573288321495056, 0.8759936094284058, 0.8913664221763611, 0.9027807116508484, 0.9103032350540161, 0.9149129986763, 0.9201690554618835, 0.926084041595459, 0.9365179538726807, 0.9393676519393921, 0.9415873289108276, 0.9439040422439575, 0.9462993144989014], "accuracy": [0.8144999742507935, 0.8639736771583557, 0.8950439691543579, 0.9112951159477234, 0.9227049350738525, 0.9302679896354675, 0.9363592863082886, 0.9399675130844116, 0.9437063932418823, 0.9472066164016724, 0.9543832540512085, 0.9567356705665588, 0.9580653309822083, 0.9595483541488647, 0.9612700939178467], "loss": [0.4354989230632782, 0.32362988591194153, 0.2623275816440582, 0.22599245607852936, 0.2022324651479721, 0.18496309220790863, 0.1705256700515747, 0.16192203760147095, 0.15290218591690063, 0.14397089183330536, 0.12592525780200958, 0.11956724524497986, 0.11571616679430008, 0.11205912381410599, 0.10794664919376373], "val_AUC": [0.9265381097793579, 0.9367392063140869, 0.9222620725631714, 0.9479731321334839, 0.9537641406059265, 0.9751318097114563, 0.9821102023124695, 0.9773487448692322, 0.9786903262138367, 0.9747133851051331, 0.985685408115387, 0.9864524006843567, 0.9815317392349243, 0.9870418310165405, 0.9851027727127075], "val_Precision": [0.46760615706443787, 0.6856079697608948, 0.7205292582511902, 0.7578491568565369, 0.7919197678565979, 0.845007061958313, 0.9352530837059021, 0.8172436952590942, 0.8891414999961853, 0.8335826992988586, 0.9130696058273315, 0.9099605679512024, 0.9081582427024841, 0.9079583287239075, 0.9418277740478516], "val_Recall": [0.9943352341651917, 0.9391038417816162, 0.9161096811294556, 0.9329555034637451, 0.9304406642913818, 0.9476338624954224, 0.911446213722229, 0.9610978960990906, 0.9316544532775879, 0.9475086331367493, 0.9482572674751282, 0.9540998339653015, 0.9433705806732178, 0.9583404064178467, 0.9306689500808716], "val_accuracy": [0.5435227155685425, 0.8027954697608948, 0.8237727284431458, 0.8534782528877258, 0.8740000128746033, 0.9092397689819336, 0.9391672015190125, 0.8982102870941162, 0.9260227680206299, 0.9030541181564331, 0.9430105090141296, 0.9436927437782288, 0.9390080571174622, 0.9443067312240601, 0.9491278529167175], "val_loss": [1.0381901264190674, 0.476041316986084, 0.48745208978652954, 0.4302375018596649, 0.33925092220306396, 0.22732661664485931, 0.16509802639484406, 0.2570813298225403, 0.18699900805950165, 0.24104994535446167, 0.15397007763385773, 0.15555302798748016, 0.1714349389076233, 0.15279167890548706, 0.14459437131881714], "learning_rate": [9.999999747378752e-05, 9.999999747378752e-05, 9.999999747378752e-05, 9.999999747378752e-05, 9.999999747378752e-05, 9.999999747378752e-05, 9.999999747378752e-05, 9.999999747378752e-05, 9.999999747378752e-05, 9.999999747378752e-05, 4.999999873689376e-05, 4.999999873689376e-05, 4.999999873689376e-05, 4.999999873689376e-05, 4.999999873689376e-05]}