{"AUC": [0.9114188551902771, 0.9497222304344177, 0.9633076190948486, 0.9686460494995117, 0.9740519523620605, 0.9760938286781311, 0.9788159728050232, 0.9796642065048218, 0.9847561717033386, 0.9870288968086243, 0.9865733981132507, 0.9876368641853333, 0.9880391955375671, 0.9887601137161255, 0.990570604801178], "Precision": [0.8217456936836243, 0.877112865447998, 0.9029199481010437, 0.9126630425453186, 0.9224933385848999, 0.9276281595230103, 0.9332555532455444, 0.9353175759315491, 0.9434597492218018, 0.9498823285102844, 0.9482564330101013, 0.9498046636581421, 0.9509513974189758, 0.9523356556892395, 0.9567247629165649], "Recall": [0.7861981391906738, 0.8440133333206177, 0.8702679872512817, 0.8833195567131042, 0.8967143297195435, 0.9004828333854675, 0.9069031476974487, 0.9091736078262329, 0.9260161519050598, 0.9320169687271118, 0.9312564730644226, 0.9356473088264465, 0.9358197450637817, 0.9385958909988403, 0.9436395168304443], "accuracy": [0.8439602255821228, 0.8886741995811462, 0.9093347191810608, 0.9183182716369629, 0.927466630935669, 0.9310691356658936, 0.9358876943588257, 0.9376037120819092, 0.9474338889122009, 0.9524285793304443, 0.9514569044113159, 0.9537979960441589, 0.9543434977531433, 0.9559913277626038, 0.9597983956336975], "loss": [0.3727102279663086, 0.27976515889167786, 0.23661407828330994, 0.21717023849487305, 0.19622160494327545, 0.18685005605220795, 0.17496173083782196, 0.17094115912914276, 0.1462811976671219, 0.1341584473848343, 0.13627001643180847, 0.1302536129951477, 0.12842722237110138, 0.12390153855085373, 0.11263304203748703], "val_AUC": [0.8289093375205994, 0.9617745876312256, 0.9490926265716553, 0.9375157952308655, 0.9808287024497986, 0.9545314311981201, 0.9657231569290161, 0.9781866073608398, 0.9886713027954102, 0.9833961725234985, 0.9900963306427002, 0.9871442317962646, 0.9895697832107544, 0.9848443269729614, 0.9907891154289246], "val_Precision": [0.83505779504776, 0.9204826951026917, 0.7189590334892273, 0.9428698420524597, 0.9064549803733826, 0.9641129374504089, 0.8963361978530884, 0.9477148056030273, 0.9360556602478027, 0.8639833331108093, 0.954443097114563, 0.9234797954559326, 0.9614140391349792, 0.8802809715270996, 0.9528753757476807], "val_Recall": [0.6217640042304993, 0.8209936022758484, 0.949869692325592, 0.7202039957046509, 0.9314603209495544, 0.7003684043884277, 0.8862747550010681, 0.8819326162338257, 0.9465146660804749, 0.9624738097190857, 0.9368093013763428, 0.9492264986038208, 0.9265347719192505, 0.9589638710021973, 0.946825385093689], "val_accuracy": [0.798977255821228, 0.8997272849082947, 0.8309090733528137, 0.8702158331871033, 0.933931827545166, 0.8693061470985413, 0.9132649302482605, 0.9331408143043518, 0.9526300430297852, 0.924157977104187, 0.9567006826400757, 0.9480590224266052, 0.955609142780304, 0.9312077760696411, 0.9598844647407532], "val_loss": [0.632025420665741, 0.25492602586746216, 0.39641469717025757, 0.4193899929523468, 0.17322871088981628, 0.3868986666202545, 0.24573157727718353, 0.17912231385707855, 0.13083285093307495, 0.19549676775932312, 0.11968573927879333, 0.14373505115509033, 0.12436845153570175, 0.17819713056087494, 0.112605519592762], "learning_rate": [0.0010000000474974513, 0.0010000000474974513, 0.0010000000474974513, 0.0010000000474974513, 0.0010000000474974513, 0.0010000000474974513, 0.0010000000474974513, 0.0010000000474974513, 0.0005000000237487257, 0.0005000000237487257, 0.0005000000237487257, 0.0005000000237487257, 0.0005000000237487257, 0.0005000000237487257, 0.0002500000118743628]}