{"AUC": [0.9237090349197388, 0.9624201059341431, 0.9731146693229675, 0.9788034558296204, 0.9815914034843445, 0.9843243360519409, 0.9883602857589722, 0.9899215698242188, 0.9906165599822998, 0.9915490746498108, 0.9919977784156799, 0.9928675889968872, 0.9931052327156067, 0.9936606884002686, 0.994107723236084, 0.9944987893104553, 0.9948455095291138, 0.9951470494270325, 0.9964297413825989, 0.9967894554138184], "Precision": [0.8371261358261108, 0.8940001130104065, 0.9161507487297058, 0.9299811720848083, 0.9347228407859802, 0.9401490092277527, 0.9502550959587097, 0.9528691172599792, 0.9544438719749451, 0.9566569328308105, 0.9600254893302917, 0.9619633555412292, 0.9621049165725708, 0.9637212753295898, 0.9651113748550415, 0.9652936458587646, 0.9665877223014832, 0.9682307243347168, 0.9727452993392944, 0.9745331406593323], "Recall": [0.7995521426200867, 0.8685209155082703, 0.8929336667060852, 0.9071675539016724, 0.9146763682365417, 0.922546923160553, 0.9363874197006226, 0.9412316679954529, 0.9448357224464417, 0.9479862451553345, 0.949787974357605, 0.9525583982467651, 0.9533460140228271, 0.9560050368309021, 0.9576640129089355, 0.9588327407836914, 0.9603462815284729, 0.9619935750961304, 0.9684008359909058, 0.9706022143363953], "accuracy": [0.8554716110229492, 0.9048222899436951, 0.923339307308197, 0.9345734715461731, 0.9394457936286926, 0.944710373878479, 0.9542787671089172, 0.9572464823722839, 0.9592875242233276, 0.9614592790603638, 0.963534414768219, 0.9654560685157776, 0.9658199548721313, 0.967514157295227, 0.9687592387199402, 0.9692879915237427, 0.9704307317733765, 0.9717553853988647, 0.9761501550674438, 0.9777704477310181], "loss": [0.34608161449432373, 0.2405005842447281, 0.20056885480880737, 0.17616255581378937, 0.16321778297424316, 0.15007732808589935, 0.12682245671749115, 0.11839974671602249, 0.11354652792215347, 0.10744304209947586, 0.10362030565738678, 0.09766481071710587, 0.09544828534126282, 0.09168373793363571, 0.08834199607372284, 0.08566842973232269, 0.08246821165084839, 0.07931219041347504, 0.06693623214960098, 0.06283636391162872], "val_AUC": [0.9156570434570312, 0.8807289600372314, 0.9556082487106323, 0.9370341300964355, 0.8471252918243408, 0.9387564063072205, 0.6971426606178284, 0.973421037197113, 0.9740864038467407, 0.9785431623458862, 0.9725894331932068, 0.9771827459335327, 0.9831719398498535, 0.9785960912704468, 0.9912161827087402, 0.9886264801025391, 0.968207597732544, 0.9818432927131653, 0.9892589449882507, 0.9896025657653809], "val_Precision": [0.6481503248214722, 0.9541084170341492, 0.8350002765655518, 0.9652166366577148, 0.9387910962104797, 0.8383467197418213, 0.7902117967605591, 0.9633622169494629, 0.892793595790863, 0.8849543333053589, 0.9149059057235718, 0.7821363806724548, 0.9447916746139526, 0.7599157691001892, 0.9416810274124146, 0.8752544522285461, 0.824673056602478, 0.8686988353729248, 0.9331231117248535, 0.9322596788406372], "val_Recall": [0.9377376437187195, 0.3718065321445465, 0.9048402905464172, 0.6225011348724365, 0.348124623298645, 0.8673897981643677, 0.47003746032714844, 0.8267779350280762, 0.9117546677589417, 0.9411531090736389, 0.9000454545021057, 0.9767270088195801, 0.9269816279411316, 0.983308732509613, 0.9593689441680908, 0.9757716655731201, 0.934211254119873, 0.9582528471946716, 0.9587382674217224, 0.9580276608467102], "val_accuracy": [0.7707270383834839, 0.7407981157302856, 0.8900328278541565, 0.8395059108734131, 0.7292274236679077, 0.8796635866165161, 0.7370375990867615, 0.9178156852722168, 0.9206417798995972, 0.9272967576980591, 0.9262939691543579, 0.8814185261726379, 0.9489482045173645, 0.8685871958732605, 0.959819495677948, 0.9344075322151184, 0.8938395977020264, 0.925131618976593, 0.9558994174003601, 0.9552841186523438], "val_loss": [0.7164837121963501, 0.9312585592269897, 0.29443487524986267, 0.5077117681503296, 0.819763720035553, 0.36006760597229004, 1.3110713958740234, 0.22454752027988434, 0.20353417098522186, 0.19980397820472717, 0.21343721449375153, 0.31320279836654663, 0.15861842036247253, 0.3543964922428131, 0.1153649240732193, 0.17385728657245636, 0.2806882858276367, 0.19796137511730194, 0.12525206804275513, 0.12815973162651062], "learning_rate": [0.0010000000474974513, 0.0010000000474974513, 0.0010000000474974513, 0.0010000000474974513, 0.0010000000474974513, 0.0010000000474974513, 0.0005000000237487257, 0.0005000000237487257, 0.0005000000237487257, 0.0005000000237487257, 0.0005000000237487257, 0.0005000000237487257, 0.0005000000237487257, 0.0005000000237487257, 0.0005000000237487257, 0.0005000000237487257, 0.0005000000237487257, 0.0005000000237487257, 0.0002500000118743628, 0.0002500000118743628]}