{"AUC": [0.9115906357765198, 0.9611937403678894, 0.9732525944709778, 0.9791516065597534, 0.9825118184089661, 0.9852806925773621, 0.986636221408844, 0.9878642559051514, 0.9889398217201233, 0.9902288317680359, 0.9928328990936279, 0.9933964610099792, 0.9939744472503662, 0.9943485260009766, 0.9948980212211609, 0.9961324334144592, 0.9964914321899414, 0.9968277215957642, 0.9970351457595825, 0.9972841143608093], "Precision": [0.8172522783279419, 0.8905016779899597, 0.9172044396400452, 0.929282009601593, 0.936897873878479, 0.9427939057350159, 0.9457752108573914, 0.9496464133262634, 0.9510753750801086, 0.9544035196304321, 0.9615253806114197, 0.9636492133140564, 0.9653521180152893, 0.9666275978088379, 0.9677542448043823, 0.9720821380615234, 0.9733421206474304, 0.9738073945045471, 0.9755136370658875, 0.9764770269393921], "Recall": [0.7824132442474365, 0.8651126027107239, 0.8899659514427185, 0.9061965346336365, 0.9166246652603149, 0.9258745312690735, 0.9293830990791321, 0.9335164427757263, 0.9383058547973633, 0.942429780960083, 0.9521682262420654, 0.9560553431510925, 0.9573737978935242, 0.9589115977287292, 0.9609378576278687, 0.96729975938797, 0.968830943107605, 0.970668613910675, 0.9720800518989563, 0.9732202887535095], "accuracy": [0.8406227231025696, 0.9020732641220093, 0.9226804375648499, 0.9339455366134644, 0.9410516619682312, 0.9471222758293152, 0.949688196182251, 0.9529141187667847, 0.9553605914115906, 0.9583589434623718, 0.9650838375091553, 0.9675360321998596, 0.9687308073043823, 0.9698573350906372, 0.9711772799491882, 0.9754500389099121, 0.9765537977218628, 0.9774925708770752, 0.9787726998329163, 0.9796090126037598], "loss": [0.37572890520095825, 0.24517109990119934, 0.2006402611732483, 0.1751764863729477, 0.15971189737319946, 0.14487777650356293, 0.13799932599067688, 0.1300639808177948, 0.124284528195858, 0.11654815822839737, 0.0977465957403183, 0.0930817723274231, 0.08915729075670242, 0.08501158654689789, 0.08128179609775543, 0.06919863820075989, 0.06610329449176788, 0.06287731975317001, 0.06022628769278526, 0.05799257382750511], "val_AUC": [0.8894602060317993, 0.8684158325195312, 0.9610642194747925, 0.9597594738006592, 0.9629080891609192, 0.9137694835662842, 0.978293240070343, 0.9460134506225586, 0.9533942937850952, 0.9462162256240845, 0.9881282448768616, 0.9894101023674011, 0.9551119208335876, 0.969063937664032, 0.9886990189552307, 0.9886044859886169, 0.9823209047317505, 0.9920043349266052, 0.9895693063735962, 0.9897943139076233], "val_Precision": [0.5740951299667358, 0.7191928029060364, 0.7954224944114685, 0.6833884716033936, 0.8155770301818848, 0.7989989519119263, 0.8681803941726685, 0.8852039575576782, 0.8630545139312744, 0.9441038370132446, 0.8746219873428345, 0.9176912307739258, 0.8897786140441895, 0.9027689695358276, 0.907270610332489, 0.9289647340774536, 0.896024763584137, 0.9483892917633057, 0.9134275913238525, 0.8984284996986389], "val_Recall": [0.9492084980010986, 0.8177056908607483, 0.931114912033081, 0.9640193581581116, 0.9310011267662048, 0.7997722625732422, 0.9512667059898376, 0.8466401100158691, 0.8402184844017029, 0.7538426518440247, 0.9729159474372864, 0.9620188474655151, 0.8612298369407654, 0.8887940645217896, 0.9646496176719666, 0.9601047039031982, 0.9546308517456055, 0.9608680605888367, 0.972690999507904, 0.9768753051757812], "val_accuracy": [0.6971171498298645, 0.7987481951713562, 0.8761650323867798, 0.8062355518341064, 0.8877466917037964, 0.8388305902481079, 0.9224439263343811, 0.8943747282028198, 0.8822601437568665, 0.8832430243492126, 0.9332327842712402, 0.9501931667327881, 0.9015520215034485, 0.9168895483016968, 0.9462159276008606, 0.9544903635978699, 0.9373013973236084, 0.9633134603500366, 0.952090322971344, 0.9463987946510315], "val_loss": [0.8289520144462585, 0.6974474191665649, 0.3051033318042755, 0.45379796624183655, 0.2849195599555969, 0.4857568144798279, 0.2270558625459671, 0.3135836720466614, 0.28590628504753113, 0.36311835050582886, 0.1718728393316269, 0.13558924198150635, 0.2823493778705597, 0.2383648306131363, 0.14811848104000092, 0.13312099874019623, 0.18925030529499054, 0.10597342997789383, 0.1458408385515213, 0.15373879671096802], "learning_rate": [0.0010000000474974513, 0.0010000000474974513, 0.0010000000474974513, 0.0010000000474974513, 0.0010000000474974513, 0.0010000000474974513, 0.0010000000474974513, 0.0010000000474974513, 0.0010000000474974513, 0.0010000000474974513, 0.0005000000237487257, 0.0005000000237487257, 0.0005000000237487257, 0.0005000000237487257, 0.0005000000237487257, 0.0002500000118743628, 0.0002500000118743628, 0.0002500000118743628, 0.0002500000118743628, 0.0002500000118743628]}