{"AUC": [0.9292010068893433, 0.9622490406036377, 0.9678776860237122, 0.9747179746627808, 0.9788169860839844, 0.9813811779022217, 0.9854296445846558, 0.9865435361862183, 0.9877756834030151, 0.9882091879844666, 0.9893719553947449, 0.9900570511817932, 0.990357518196106, 0.9907126426696777, 0.9921982884407043, 0.9933410882949829, 0.9934762120246887, 0.9938419461250305, 0.9944713711738586, 0.9953063130378723], "Precision": [0.8431836366653442, 0.8970287442207336, 0.9095984697341919, 0.922009289264679, 0.9304990768432617, 0.9359169006347656, 0.9455649852752686, 0.9474630951881409, 0.9495604634284973, 0.9519557356834412, 0.9526487588882446, 0.9538634419441223, 0.9543760418891907, 0.9553360342979431, 0.959806501865387, 0.9631577730178833, 0.9639772176742554, 0.9644067287445068, 0.9657967686653137, 0.9695247411727905], "Recall": [0.8034512400627136, 0.8649628162384033, 0.8777638077735901, 0.8963538408279419, 0.9067319631576538, 0.9134226441383362, 0.9257413744926453, 0.9290192723274231, 0.9327744245529175, 0.9339696764945984, 0.9389006495475769, 0.9397362470626831, 0.942649245262146, 0.9432229995727539, 0.9497858881950378, 0.9534258842468262, 0.9544506669044495, 0.9560781121253967, 0.9587409496307373, 0.9622511863708496], "accuracy": [0.8595397472381592, 0.9048685431480408, 0.9149430394172668, 0.9271427392959595, 0.9346376061439514, 0.9394674897193909, 0.9482123851776123, 0.9502636790275574, 0.9525933861732483, 0.9540536999702454, 0.9562526941299438, 0.9570879936218262, 0.9584175944328308, 0.9590426683425903, 0.9634634256362915, 0.9662817716598511, 0.9670318365097046, 0.9678444266319275, 0.9694638252258301, 0.9723958373069763], "loss": [0.3302868604660034, 0.23887255787849426, 0.21941985189914703, 0.1932726502418518, 0.17633602023124695, 0.16438069939613342, 0.14357860386371613, 0.1377275288105011, 0.13132232427597046, 0.12816675007343292, 0.12154056876897812, 0.1176147386431694, 0.11530768126249313, 0.11323609203100204, 0.1027822196483612, 0.09451446682214737, 0.09272937476634979, 0.09041464328765869, 0.08588952571153641, 0.07806409150362015], "val_AUC": [0.9307866096496582, 0.9389482736587524, 0.963899552822113, 0.9577604532241821, 0.971910297870636, 0.9549329280853271, 0.9776378870010376, 0.9873522520065308, 0.9855791330337524, 0.9815440773963928, 0.987858772277832, 0.9839500784873962, 0.9803757071495056, 0.9879364371299744, 0.9895651340484619, 0.9905593991279602, 0.990470826625824, 0.9884652495384216, 0.9885873198509216, 0.9902695417404175], "val_Precision": [0.8909292221069336, 0.8821073174476624, 0.8462063670158386, 0.9809930324554443, 0.8075520396232605, 0.9235964417457581, 0.9798035621643066, 0.9516644477844238, 0.946135401725769, 0.8597836494445801, 0.9448907971382141, 0.9091895222663879, 0.9767565131187439, 0.9630665183067322, 0.9454247951507568, 0.9543464779853821, 0.947246789932251, 0.9206305742263794, 0.9682380557060242, 0.9425754547119141], "val_Recall": [0.7283181548118591, 0.7777714729309082, 0.9128809571266174, 0.6639841198921204, 0.9533816576004028, 0.7672995328903198, 0.8031067252159119, 0.9289441108703613, 0.918552577495575, 0.9596961736679077, 0.9464437365531921, 0.949736475944519, 0.8337395787239075, 0.9178144335746765, 0.9506235718727112, 0.9514254927635193, 0.9527237415313721, 0.9565833210945129, 0.9314625859260559, 0.9594081044197083], "val_accuracy": [0.8552272915840149, 0.869136393070221, 0.8984772562980652, 0.8600050210952759, 0.8901363611221313, 0.8811543583869934, 0.9143792986869812, 0.9525845646858215, 0.9463762044906616, 0.9210424423217773, 0.9563595652580261, 0.9417597055435181, 0.9253405332565308, 0.9529029130935669, 0.9581788778305054, 0.9622495770454407, 0.9597480297088623, 0.9494917392730713, 0.9602483510971069, 0.9602710604667664], "val_loss": [0.3384620249271393, 0.3101906180381775, 0.2508608102798462, 0.3814949691295624, 0.2624785304069519, 0.3077998161315918, 0.24015051126480103, 0.13203252851963043, 0.14531274139881134, 0.20050600171089172, 0.12714144587516785, 0.16125044226646423, 0.22148530185222626, 0.1322578489780426, 0.11976402252912521, 0.1128106340765953, 0.11568126082420349, 0.138916015625, 0.12620113790035248, 0.11599792540073395], "learning_rate": [0.0010000000474974513, 0.0010000000474974513, 0.0010000000474974513, 0.0010000000474974513, 0.0010000000474974513, 0.0010000000474974513, 0.0005000000237487257, 0.0005000000237487257, 0.0005000000237487257, 0.0005000000237487257, 0.0005000000237487257, 0.0005000000237487257, 0.0005000000237487257, 0.0005000000237487257, 0.0002500000118743628, 0.0002500000118743628, 0.0002500000118743628, 0.0002500000118743628, 0.0002500000118743628, 0.0001250000059371814]}