{"AUC": [0.9218111038208008, 0.9657480716705322, 0.9765394926071167, 0.981110155582428, 0.9840167760848999, 0.9865560531616211, 0.9879489541053772, 0.9911760687828064, 0.9924080967903137, 0.9929107427597046, 0.9936851263046265, 0.9940378665924072, 0.9955129623413086, 0.9961606860160828, 0.9963648319244385, 0.9967415928840637, 0.9971774816513062, 0.9974837899208069], "Precision": [0.8319182395935059, 0.8996613621711731, 0.9212347865104675, 0.9318944215774536, 0.9376150965690613, 0.9435917139053345, 0.9473706483840942, 0.9551706314086914, 0.958369255065918, 0.9589357972145081, 0.961512565612793, 0.9618461728096008, 0.9670303463935852, 0.9694111943244934, 0.9702386260032654, 0.9720608592033386, 0.9745718836784363, 0.9754769802093506], "Recall": [0.7947298884391785, 0.872918426990509, 0.8988555669784546, 0.9105316400527954, 0.9203121662139893, 0.9287422895431519, 0.9321227073669434, 0.9442834258079529, 0.9491741061210632, 0.9506534337997437, 0.9546410441398621, 0.9563170075416565, 0.9622092843055725, 0.9664455056190491, 0.9685020446777344, 0.9698017835617065, 0.9730619788169861, 0.9739285707473755], "accuracy": [0.8514201045036316, 0.9086729884147644, 0.927880585193634, 0.9366536736488342, 0.9427812099456787, 0.9484365582466125, 0.9515259265899658, 0.9593545794487, 0.9625520706176758, 0.9635761380195618, 0.9658690094947815, 0.9669613838195801, 0.9713991284370422, 0.9739139080047607, 0.9752907156944275, 0.9764001965522766, 0.9786702394485474, 0.9795236587524414], "loss": [0.35033389925956726, 0.2287892997264862, 0.18673788011074066, 0.16674566268920898, 0.15234369039535522, 0.1394636183977127, 0.13084588944911957, 0.11156533658504486, 0.10236907750368118, 0.09978345036506653, 0.09432053565979004, 0.09046041965484619, 0.07827112823724747, 0.07190679013729095, 0.06876356154680252, 0.06578318029642105, 0.05972323939204216, 0.0571487732231617], "val_AUC": [0.8962826132774353, 0.9354593753814697, 0.9251853227615356, 0.971950352191925, 0.9542144536972046, 0.9683327674865723, 0.9671199917793274, 0.9861070513725281, 0.9853155612945557, 0.9835764765739441, 0.977057695388794, 0.9466754794120789, 0.9900185465812683, 0.9864991307258606, 0.9452183842658997, 0.9837117195129395, 0.9873636364936829, 0.9904714226722717], "val_Precision": [0.5813921689987183, 0.6981983780860901, 0.6884231567382812, 0.8697115182876587, 0.9425504803657532, 0.7890485525131226, 0.9639735221862793, 0.9086363315582275, 0.9386085271835327, 0.8154662847518921, 0.923666775226593, 0.9068639278411865, 0.9456681609153748, 0.9534802436828613, 0.9740327000617981, 0.9305977821350098, 0.9287731647491455, 0.9351300597190857], "val_Recall": [0.9742435216903687, 0.9332764148712158, 0.9321898818016052, 0.9268473386764526, 0.7095947861671448, 0.9557451605796814, 0.8283161520957947, 0.9514541029930115, 0.933428168296814, 0.9794419407844543, 0.8988322615623474, 0.841460645198822, 0.953693687915802, 0.9313820600509644, 0.7499003410339355, 0.9416220784187317, 0.9549544453620911, 0.9663951992988586], "val_accuracy": [0.7082904577255249, 0.8112413883209229, 0.8035612106323242, 0.9148780703544617, 0.8659855127334595, 0.8795400857925415, 0.9186038374900818, 0.9420786499977112, 0.9487302303314209, 0.902786374092102, 0.9295983910560608, 0.9017120599746704, 0.9594276547431946, 0.9542161226272583, 0.8916089534759521, 0.9483873844146729, 0.9525246024131775, 0.9596105217933655], "val_loss": [1.0282628536224365, 0.5285438299179077, 0.5933229327201843, 0.23039156198501587, 0.34978026151657104, 0.3266715109348297, 0.2529800534248352, 0.15273615717887878, 0.15023577213287354, 0.26457902789115906, 0.18922868371009827, 0.3952946662902832, 0.1189301609992981, 0.13868704438209534, 0.4453386962413788, 0.16377606987953186, 0.1447327584028244, 0.12337787449359894], "learning_rate": [0.0010000000474974513, 0.0010000000474974513, 0.0010000000474974513, 0.0010000000474974513, 0.0010000000474974513, 0.0010000000474974513, 0.0010000000474974513, 0.0005000000237487257, 0.0005000000237487257, 0.0005000000237487257, 0.0005000000237487257, 0.0005000000237487257, 0.0002500000118743628, 0.0002500000118743628, 0.0002500000118743628, 0.0002500000118743628, 0.0001250000059371814, 0.0001250000059371814]}