{"AUC": [0.9315464496612549, 0.9685483574867249, 0.9778823852539062, 0.9819303154945374, 0.9848245978355408, 0.9865097999572754, 0.987983763217926, 0.9894763827323914, 0.9907392859458923, 0.9934428930282593, 0.9941603541374207, 0.9948024749755859, 0.9952089786529541, 0.996558666229248, 0.9968859553337097, 0.9970723390579224, 0.9974475502967834, 0.9976206421852112, 0.9977115392684937, 0.9981566667556763], "Precision": [0.8457604050636292, 0.9081161022186279, 0.9260595440864563, 0.9357748031616211, 0.9402821063995361, 0.9438101649284363, 0.9483116865158081, 0.9507842659950256, 0.9535051584243774, 0.9620383381843567, 0.9645186066627502, 0.9655264616012573, 0.9664364457130432, 0.9720836877822876, 0.9729741215705872, 0.9734483361244202, 0.9756309986114502, 0.9758172035217285, 0.9763938784599304, 0.978573203086853], "Recall": [0.8077283501625061, 0.8799238204956055, 0.9023540019989014, 0.9138392210006714, 0.9233333468437195, 0.928295373916626, 0.9332455992698669, 0.9368493556976318, 0.942836344242096, 0.9544550776481628, 0.9568480253219604, 0.9600218534469604, 0.9625369310379028, 0.9685728549957275, 0.9712705016136169, 0.97225022315979, 0.9738801121711731, 0.9748064875602722, 0.974998950958252, 0.9785184264183044], "accuracy": [0.862142026424408, 0.9151012897491455, 0.9311054348945618, 0.9395537972450256, 0.9450742602348328, 0.9484456181526184, 0.9522263407707214, 0.9546994566917419, 0.9581277370452881, 0.9662122130393982, 0.9681850075721741, 0.969862163066864, 0.9712323546409607, 0.9759398102760315, 0.9773895144462585, 0.9779410362243652, 0.9795442819595337, 0.9799535870552063, 0.9802833795547485, 0.9825802445411682], "loss": [0.32514363527297974, 0.21759365499019623, 0.18025803565979004, 0.1617404967546463, 0.14770381152629852, 0.1391240805387497, 0.1299373060464859, 0.12205590307712555, 0.11403144150972366, 0.09430145472288132, 0.08864643424749374, 0.08317940682172775, 0.07934854179620743, 0.0671466514468193, 0.06297184526920319, 0.061053067445755005, 0.05650773271918297, 0.05480760708451271, 0.05348117649555206, 0.04773719608783722], "val_AUC": [0.8917899131774902, 0.9515233039855957, 0.9583625197410583, 0.9199990630149841, 0.9199120998382568, 0.9826793670654297, 0.954596757888794, 0.8637800812721252, 0.9367814064025879, 0.988221287727356, 0.9817290902137756, 0.9409456849098206, 0.9812547564506531, 0.9900940656661987, 0.9217972755432129, 0.9894339442253113, 0.9837649464607239, 0.9763296246528625, 0.9823642373085022, 0.9907176494598389], "val_Precision": [0.6166316866874695, 0.7113015055656433, 0.8386739492416382, 0.9213018417358398, 0.9322267174720764, 0.9115322828292847, 0.9438045620918274, 0.8990233540534973, 0.9533704519271851, 0.9149109125137329, 0.890549898147583, 0.9753632545471191, 0.9059950709342957, 0.9166487455368042, 0.8612163662910461, 0.9586266279220581, 0.9328147768974304, 0.960668683052063, 0.9196709394454956, 0.948712170124054], "val_Recall": [0.9174754619598389, 0.9569092988967896, 0.9029676914215088, 0.6961040496826172, 0.7297849655151367, 0.936846911907196, 0.7672227621078491, 0.6008286476135254, 0.6513344645500183, 0.9595001339912415, 0.947296679019928, 0.7011409401893616, 0.9395866394042969, 0.9677529335021973, 0.8123936057090759, 0.9505220055580139, 0.9394335150718689, 0.8975917100906372, 0.9467462301254272, 0.9615537524223328], "val_accuracy": [0.7379737496376038, 0.8268950581550598, 0.8913310766220093, 0.8541832566261292, 0.8702396154403687, 0.9381680488586426, 0.8881646394729614, 0.8126125335693359, 0.8472776412963867, 0.9479454159736633, 0.9321284294128418, 0.8728947043418884, 0.9366182684898376, 0.9517287015914917, 0.8720741868019104, 0.9636483788490295, 0.9485151767730713, 0.9441620707511902, 0.9454839825630188, 0.9637623429298401], "val_loss": [0.6242511868476868, 0.46522748470306396, 0.2919035255908966, 0.4209853410720825, 0.4112326502799988, 0.16400326788425446, 0.31127625703811646, 0.6213313937187195, 0.4467710852622986, 0.14007101953029633, 0.18065522611141205, 0.48584792017936707, 0.18016643822193146, 0.13444043695926666, 0.5058284401893616, 0.11743548512458801, 0.15960045158863068, 0.2164115160703659, 0.1762481927871704, 0.11541666835546494], "learning_rate": [0.0010000000474974513, 0.0010000000474974513, 0.0010000000474974513, 0.0010000000474974513, 0.0010000000474974513, 0.0010000000474974513, 0.0010000000474974513, 0.0010000000474974513, 0.0010000000474974513, 0.0005000000237487257, 0.0005000000237487257, 0.0005000000237487257, 0.0005000000237487257, 0.0002500000118743628, 0.0002500000118743628, 0.0002500000118743628, 0.0002500000118743628, 0.0002500000118743628, 0.0002500000118743628, 0.0001250000059371814]}